{"Partes":{"rectanguloHorizontal":{"Poligonos":{"caraFrontal":{"Vertices":{"v1":{"X":-0.4000000000000001,"Y":0.9970205614730321,"Z":1.6192745289171937},"v2":{"X":1.5999999999999999,"Y":0.9970205614730321,"Z":1.6192745289171937},"v3":{"X":1.5999999999999999,"Y":1.1384419177103418,"Z":1.7606958851545034},"v4":{"X":-0.4000000000000001,"Y":1.1384419177103418,"Z":1.7606958851545034}},"Color":{}},"caraTrasera":{"Vertices":{"v5":{"X":-0.4000000000000001,"Y":0.6434671708797585,"Z":1.9728279195104674},"v6":{"X":1.5999999999999999,"Y":0.6434671708797585,"Z":1.9728279195104674},"v7":{"X":1.5999999999999999,"Y":0.784888527117068,"Z":2.114249275747777},"v8":{"X":-0.4000000000000001,"Y":0.784888527117068,"Z":2.114249275747777}},"Color":{}},"caraSuperior":{"Vertices":{"v4":{"X":-0.4000000000000001,"Y":1.1384419177103418,"Z":1.7606958851545034},"v3":{"X":1.5999999999999999,"Y":1.1384419177103418,"Z":1.7606958851545034},"v7":{"X":1.5999999999999999,"Y":0.784888527117068,"Z":2.114249275747777},"v8":{"X":-0.4000000000000001,"Y":0.784888527117068,"Z":2.114249275747777}},"Color":{}},"caraInferior":{"Vertices":{"v1":{"X":-0.4000000000000001,"Y":0.9970205614730321,"Z":1.6192745289171937},"v2":{"X":1.5999999999999999,"Y":0.9970205614730321,"Z":1.6192745289171937},"v6":{"X":1.5999999999999999,"Y":0.6434671708797585,"Z":1.9728279195104674},"v5":{"X":-0.4000000000000001,"Y":0.6434671708797585,"Z":1.9728279195104674}},"Color":{}},"caraIzquierda":{"Vertices":{"v1":{"X":-0.4000000000000001,"Y":0.9970205614730321,"Z":1.6192745289171937},"v5":{"X":-0.4000000000000001,"Y":0.6434671708797585,"Z":1.9728279195104674},"v8":{"X":-0.4000000000000001,"Y":0.784888527117068,"Z":2.114249275747777},"v4":{"X":-0.4000000000000001,"Y":1.1384419177103418,"Z":1.7606958851545034}},"Color":{}},"caraDerecha":{"Vertices":{"v2":{"X":1.5999999999999999,"Y":0.9970205614730321,"Z":1.6192745289171937},"v6":{"X":1.5999999999999999,"Y":0.6434671708797585,"Z":1.9728279195104674},"v7":{"X":1.5999999999999999,"Y":0.784888527117068,"Z":2.114249275747777},"v3":{"X":1.5999999999999999,"Y":1.1384419177103418,"Z":1.7606958851545034}},"Color":{}}},"Color":{}},"rectanguloVertical":{"Poligonos":{"caraFrontal":{"Vertices":{"v1":{"X":0.35000000000000003,"Y":0.39597979746446677,"Z":1.0182337649086286},"v2":{"X":0.8500000000000001,"Y":0.39597979746446677,"Z":1.0182337649086286},"v3":{"X":0.8500000000000001,"Y":1.1030865786510142,"Z":1.725340546095176},"v4":{"X":0.35000000000000003,"Y":1.1030865786510142,"Z":1.725340546095176}},"Color":{}},"caraTrasera":{"Vertices":{"v5":{"X":0.35000000000000003,"Y":0.04242640687119309,"Z":1.3717871555019021},"v6":{"X":0.8500000000000001,"Y":0.04242640687119309,"Z":1.3717871555019021},"v7":{"X":0.8500000000000001,"Y":0.7495331880577407,"Z":2.07889393668845},"v8":{"X":0.35000000000000003,"Y":0.7495331880577407,"Z":2.07889393668845}},"Color":{}},"caraSuperior":{"Vertices":{"v4":{"X":0.35000000000000003,"Y":1.1030865786510142,"Z":1.725340546095176},"v3":{"X":0.8500000000000001,"Y":1.1030865786510142,"Z":1.725340546095176},"v7":{"X":0.8500000000000001,"Y":0.7495331880577407,"Z":2.07889393668845},"v8":{"X":0.35000000000000003,"Y":0.7495331880577407,"Z":2.07889393668845}},"Color":{}},"caraInferior":{"Vertices":{"v1":{"X":0.35000000000000003,"Y":0.39597979746446677,"Z":1.0182337649086286},"v2":{"X":0.8500000000000001,"Y":0.39597979746446677,"Z":1.0182337649086286},"v6":{"X":0.8500000000000001,"Y":0.04242640687119309,"Z":1.3717871555019021},"v5":{"X":0.35000000000000003,"Y":0.04242640687119309,"Z":1.3717871555019021}},"Color":{}},"caraIzquierda":{"Vertices":{"v1":{"X":0.35000000000000003,"Y":0.39597979746446677,"Z":1.0182337649086286},"v5":{"X":0.35000000000000003,"Y":0.04242640687119309,"Z":1.3717871555019021},"v8":{"X":0.35000000000000003,"Y":0.7495331880577407,"Z":2.07889393668845},"v4":{"X":0.35000000000000003,"Y":1.1030865786510142,"Z":1.725340546095176}},"Color":{}},"caraDerecha":{"Vertices":{"v2":{"X":0.8500000000000001,"Y":0.39597979746446677,"Z":1.0182337649086286},"v6":{"X":0.8500000000000001,"Y":0.04242640687119309,"Z":1.3717871555019021},"v7":{"X":0.8500000000000001,"Y":0.7495331880577407,"Z":2.07889393668845},"v3":{"X":0.8500000000000001,"Y":1.1030865786510142,"Z":1.725340546095176}},"Color":{}}},"Color":{}}},"Color":{}}